RefDes,Qnty,Value,Cmp name,Footprint,Description,Digikey Part Number,URL,Unit Cost,Total
"C1, C2, C4, ",3,10uF,C,Capacitor_SMD:CP_Elec_4x5.8,Unpolarized capacitor,PCE3878CT-ND,https://www.digikey.com/product-detail/en/panasonic-electronic-components/EEE-1CA100SR/PCE3878CT-ND/766254,0.31,0.93
"C3, C22, C23, C24, C25, ",5,2.2uF,C,Capacitor_SMD:C_0603_1608Metric,Unpolarized capacitor,1276-1085-1-ND,https://www.digikey.com/product-detail/en/samsung-electro-mechanics/CL10A225KP8NNNC/1276-1085-1-ND/3889171,0.089,0.445
"C9, C5, C7, C8, C10, C11, C12, C13, C14, C6, C18, C19, C20, C15, C16, C17, C26, C27, C28, C29, C30, C21, ",22,100nF,C,Capacitor_SMD:C_0603_1608Metric,Unpolarized capacitor,1276-1000-1-ND,https://www.digikey.com/product-detail/en/samsung-electro-mechanics/CL10B104KB8NNNC/1276-1000-1-ND/3889086,0.035,0.77
"D1, D3, ",2,LED,LED,LED_SMD:LED_0603_1608Metric_Castellated,LED generic,732-4971-1-ND,https://www.digikey.com/product-detail/en/wurth-electronics-inc/150060GS75000/732-4971-1-ND/4489896,0.15,0.3
"D2, ",1,MAX40200,MAX40200,Package_TO_SOT_SMD:SOT-23-5,,MAX40200AUK+TCT-ND,https://www.digikey.com/product-detail/en/maxim-integrated/MAX40200AUK-T/MAX40200AUK-TCT-ND/7599791,0.65,0.65
"J1, ",1,USB_B_Micro,USB_B_Micro,Connector_USB:USB_Micro-B_Amphenol_10103594-0001LF_Horizontal,USB Micro Type B connector,151-1206-1-ND,https://www.digikey.com/product-detail/en/edac-inc/690-005-299-043/151-1206-1-ND/4312192,0.65,0.65
"J2, ",1,Driven LEDs,Screw_Terminal_01x03,"TerminalBlock_Phoenix:TerminalBlock_Phoenix_MPT-0,5-3-2.54_1x03_P2.54mm_Horizontal","Generic screw terminal, single row, 01x03, script generated (kicad-library-utils/schlib/autogen/connector/)",ED10562-ND,https://www.digikey.com/product-detail/en/on-shore-technology-inc/OSTVN03A150/ED10562-ND/1588863,1.07,1.07
"J3, ",1,Battery,Conn_01x02,Connector_JST:JST_PH_S2B-PH-K_1x02_P2.00mm_Horizontal,"Generic connector, single row, 01x02, script generated (kicad-library-utils/schlib/autogen/connector/)",WM14854-ND,https://www.digikey.com/products/en?keywords=894010210,0.14,1.07
"J4, ",1,Programmer,Conn_02x04_Odd_Even,Connector_PinHeader_2.00mm:PinHeader_2x04_P2.00mm_Vertical,"Generic connector, double row, 02x04, odd/even pin numbering scheme (row 1 odd numbers, row 2 even numbers), script generated (kicad-library-utils/schlib/autogen/connector/)",A108094-ND,https://www.digikey.com/products/en?keywords=2-1734506-7,0.63,0.63
"J5, ",1,Pressure Tap/Load Cell,Screw_Terminal_01x08,"TerminalBlock_Phoenix:TerminalBlock_Phoenix_MPT-0,5-8-2.54_1x08_P2.54mm_Horizontal","Generic screw terminal, single row, 01x08, script generated (kicad-library-utils/schlib/autogen/connector/)",ED10566-ND,https://www.digikey.com/product-detail/en/on-shore-technology-inc/OSTVN08A150/ED10566-ND/1588868,2.47,2.47
"J6, ",1,Thermocouple Input,Screw_Terminal_01x12,"TerminalBlock_Phoenix:TerminalBlock_Phoenix_MPT-0,5-12-2.54_1x12_P2.54mm_Horizontal","Generic screw terminal, single row, 01x12, script generated (kicad-library-utils/schlib/autogen/connector/)",ED10568-ND,https://www.digikey.com/product-detail/en/on-shore-technology-inc/OSTVN12A150/ED10568-ND/1588872,3.32,3.32
"J7, ",1,Micro_SD_Card,Micro_SD_Card,Connector_Card:microSD_HC_Wuerth_693072010801,Micro SD Card Socket,732-3820-1-ND,https://www.digikey.com/product-detail/en/wurth-electronics-inc/693072010801/732-3820-1-ND/3124605,3.2,3.2
"J8, J9",2,Accelerometer,Conn_02x03_Odd_Even,Connector_PinHeader_2.54mm:PinHeader_2x03_P2.54mm_Vertical,"Generic connector, double row, 02x03, odd/even pin numbering scheme (row 1 odd numbers, row 2 even numbers), script generated (kicad-library-utils/schlib/autogen/connector/)",S7071-ND,https://www.digikey.com/product-detail/en/sullins-connector-solutions/PPTC032LFBN-RC/S7071-ND/810210,0.57,1.14
"L1, L2, ",2,L_Core_Ferrite,L_Core_Ferrite,Inductor_SMD:L_0603_1608Metric,Inductor with Ferrite Core,1276-6351-1-ND,https://www.digikey.com/product-detail/en/samsung-electro-mechanics/CIS10P121AC/1276-6351-1-ND/3973752,0.03,0.06
"L3, ",1,1.5uH,L,Inductor_SMD:L_Taiyo-Yuden_NR-30xx,Inductor,587-2617-1-ND,https://www.digikey.com/product-detail/en/taiyo-yuden/NR3015T1R5N/587-2617-1-ND/2349988,0.41,0.41
"Q1, Q2, ",2,Q_NMOS_GSD,Q_NMOS_GSD,Package_TO_SOT_SMD:SOT-323_SC-70,Transistor N-MOSFETwith substrate diode (general),NTR5103NT1GOSCT-ND,https://www.digikey.com/product-detail/en/on-semiconductor/NTR5103NT1G/NTR5103NT1GOSCT-ND/5801875,0.163,0.326
"R1, R5, R8, R9, R10, R11, R12, R13, R14, R15, ",10,R,R,Resistor_SMD:R_0603_1608Metric,Resistor,,,,0
"R3, R2, ",2,33,R,Resistor_SMD:R_0603_1608Metric,Resistor,311-33.0HRCT-ND,https://www.digikey.com/product-detail/en/yageo/RC0603FR-0733RL/311-33.0HRCT-ND/730105,0.024,0.048
"R7, R4, R6, ",3,470,R,Resistor_SMD:R_0603_1608Metric,Resistor,311-470GRCT-ND,https://www.digikey.com/product-detail/en/yageo/RC0603JR-07470RL/311-470GRCT-ND/729738,0.02,0.06
"SW1, ",1,SW_SPST,SW_SPST,Button_Switch_THT:SW_DIP_SPSTx01_Slide_9.78x4.72mm_W7.62mm_P2.54mm,Single Pole Single Throw (SPST) switch,Z5195-ND,https://www.digikey.com/product-detail/en/omron-electronics-inc-emc-div/A6TN-1104/Z5195-ND/2754763,0.9,0.9
"U1, ",1,MK64F,MK64F,Package_QFP:LQFP-100_14x14mm_P0.5mm,,MK64FX512VLL12-ND,https://www.digikey.com/product-detail/en/nxp-usa-inc/MK64FX512VLL12/MK64FX512VLL12-ND/4462056,14.06,14.06
"U2, ",1,TPS63031,TPS63031,custom:VSON-10-1EP_2.5x2.5mm_Pitch0.5mm_ThermalPad,,296-39461-1-ND,https://www.digikey.com/product-detail/en/texas-instruments/TPS63031DSKR/296-39461-1-ND/5143409,1.93,1.93
"U3, U4, U5, U6, U7, U8, ",6,MAX31855KASA,MAX31855KASA,Package_SO:SOIC-8_3.9x4.9mm_P1.27mm,"Cold Junction K-type Termocouple Interface, SPI, SO8",MAX31855KASA+TCT-ND,https://www.digikey.com/product-detail/en/maxim-integrated/MAX31855KASA-T/MAX31855KASA-TCT-ND/2708805,5.4264,32.5584
"U9, U11, U12, U13, ",4,MCP6N11,MCP6N11,Package_SO:SOIC-8_3.9x4.9mm_P1.27mm,,MCP6N11-001E/SN-ND,https://www.digikey.com/product-detail/en/microchip-technology/MCP6N11-001E-SN/MCP6N11-001E-SN-ND/2802054,1.39,5.56
"U10, ",1,ADS7951,ADS7951,Package_DFN_QFN:QFN-24-1EP_4x4mm_P0.5mm_EP2.7x2.7mm_ThermalVias,,296-25840-1-ND,https://www.digikey.com/product-detail/en/texas-instruments/ADS7951SBRGET/296-25840-1-ND/2237246,7.44,7.44
"Y1, ",1,16 MHz,Crystal_GND24,Crystal:Crystal_SMD_0603-4Pin_6.0x3.5mm,"Four pin crystal (GND on pins 2 and 4), e.g. in SMD package",644-1099-1-ND,https://www.digikey.com/product-detail/en/ndk-america-inc/NX3225SA-16.000000MHZ-B3/644-1099-1-ND/1468360,0.92,0.92
,,,,,,,,,79.9874
